source_file,source_line,original_label,new_label,confidence,human_label,evidence,summary
/data/lab/AAAI_repo/results/phase2_full_semantic_20260704_175517/phase2_validation_records.jsonl,117,inefficient_exploration,insufficient_cooperation,0.95,,"All 51 steps yielded zero reward despite agents performing individual 'load' actions, indicating a complete failure to coordinate and achieve the cooperative foraging objective.","Environment: lbforaging:Foraging-10x10-3p-3f-v3 | Episode length: 51 | Number of agents: 3 | Episode return: 0.0000 | Success threshold reached: not configured | Positive reward steps: 0 | Zero reward steps: 51 | Action histogram: {'load': 103, 'south': 10, 'north': 2, 'east': 24, 'west': 13, 'noop': 1} | Load action counts by agent: [35, 36, 32] | Mean absolute state change: 0.044444 | State variation: 2.464269"
/data/lab/AAAI_repo/results/phase2_full_semantic_20260704_175517/phase2_validation_records.jsonl,190,inefficient_exploration,insufficient_cooperation,0.95,,All 51 steps yielded zero reward because agents exclusively performed the 'load' action without any movement to reach foraging locations.,"Environment: lbforaging:Foraging-10x10-3p-3f-v3 | Episode length: 51 | Number of agents: 3 | Episode return: 0.0000 | Success threshold reached: not configured | Positive reward steps: 0 | Zero reward steps: 51 | Action histogram: {'north': 3, 'south': 22, 'load': 88, 'noop': 3, 'east': 34, 'west': 3} | Load action counts by agent: [28, 28, 32] | Mean absolute state change: 0.033333 | State variation: 2.967446"
/data/lab/AAAI_repo/results/phase2_full_semantic_20260704_175517/phase2_validation_records.jsonl,193,inefficient_exploration,insufficient_cooperation,0.95,,"Both agents exclusively performed the 'load' action for the entire episode without any movement or coordination, resulting in zero progress toward a cooperative objective.","Environment: lbforaging:Foraging-8x8-2p-2f-coop-v3 | Episode length: 51 | Number of agents: 2 | Episode return: 0.0000 | Success threshold reached: not configured | Positive reward steps: 0 | Zero reward steps: 51 | Action histogram: {'east': 9, 'load': 73, 'north': 11, 'south': 6, 'west': 3} | Load action counts by agent: [36, 37] | Mean absolute state change: 0.038333 | State variation: 1.266613"
/data/lab/AAAI_repo/results/phase2_full_semantic_20260704_175517/phase2_validation_records.jsonl,65,inefficient_exploration,insufficient_cooperation,0.95,,"The agents spent the entire episode (51 steps) performing the 'load' action without any movement or coordination, resulting in zero progress toward a cooperative objective.","Environment: lbforaging:Foraging-8x8-2p-2f-coop-v3 | Episode length: 51 | Number of agents: 2 | Episode return: 0.0000 | Success threshold reached: not configured | Positive reward steps: 0 | Zero reward steps: 51 | Action histogram: {'south': 19, 'noop': 2, 'west': 8, 'load': 60, 'east': 13} | Load action counts by agent: [27, 33] | Mean absolute state change: 0.046667 | State variation: 2.079789"
/data/lab/AAAI_repo/results/phase2_full_semantic_20260704_175517/phase2_validation_records.jsonl,99,inefficient_exploration,insufficient_cooperation,0.95,,"The agents failed to converge on a shared cooperative target, evidenced by zero positive rewards and a high frequency of non-cooperative actions like 'west' and 'north'.","Environment: lbforaging:Foraging-8x8-2p-2f-coop-v3 | Episode length: 51 | Number of agents: 2 | Episode return: 0.0000 | Success threshold reached: not configured | Positive reward steps: 0 | Zero reward steps: 51 | Action histogram: {'north': 20, 'west': 38, 'load': 16, 'noop': 12, 'east': 12, 'south': 4} | Load action counts by agent: [11, 5] | Mean absolute state change: 0.076667 | State variation: 1.650895"
/data/lab/AAAI_repo/results/phase2_full_semantic_20260704_175517/phase2_validation_records.jsonl,23,inefficient_exploration,insufficient_cooperation,0.95,,"All 51 steps yielded zero reward despite agents performing load actions, indicating they failed to coordinate to successfully forage or deliver items.","Environment: lbforaging:Foraging-10x10-3p-3f-v3 | Episode length: 51 | Number of agents: 3 | Episode return: 0.0000 | Success threshold reached: not configured | Positive reward steps: 0 | Zero reward steps: 51 | Action histogram: {'noop': 2, 'south': 30, 'load': 114, 'north': 2, 'west': 5} | Load action counts by agent: [34, 35, 45] | Mean absolute state change: 0.031111 | State variation: 2.567455"
/data/lab/AAAI_repo/results/phase2_full_semantic_20260704_175517/phase2_validation_records.jsonl,44,inefficient_exploration,insufficient_cooperation,0.95,,"The agents failed to converge on a shared foraging target, evidenced by zero positive rewards and a high frequency of non-cooperative movement actions (west, north) with minimal load actions relative to the episode length.","Environment: lbforaging:Foraging-8x8-2p-2f-coop-v3 | Episode length: 51 | Number of agents: 2 | Episode return: 0.0000 | Success threshold reached: not configured | Positive reward steps: 0 | Zero reward steps: 51 | Action histogram: {'north': 25, 'east': 8, 'noop': 15, 'south': 2, 'west': 36, 'load': 16} | Load action counts by agent: [6, 10] | Mean absolute state change: 0.043333 | State variation: 1.633251"
/data/lab/AAAI_repo/results/phase2_full_semantic_20260704_175517/phase2_validation_records.jsonl,71,inefficient_exploration,insufficient_cooperation,0.95,,"The agents spent the entire episode (51 steps) with zero reward and minimal state change, indicating they failed to coordinate to perform the required cooperative foraging task.","Environment: lbforaging:Foraging-8x8-2p-2f-coop-v3 | Episode length: 51 | Number of agents: 2 | Episode return: 0.0000 | Success threshold reached: not configured | Positive reward steps: 0 | Zero reward steps: 51 | Action histogram: {'south': 5, 'east': 53, 'load': 38, 'north': 5, 'noop': 1} | Load action counts by agent: [20, 18] | Mean absolute state change: 0.010000 | State variation: 2.209327"
/data/lab/AAAI_repo/results/phase2_full_semantic_20260704_175517/phase2_validation_records.jsonl,127,target_miscoordination,insufficient_cooperation,0.95,,"All 51 steps yielded zero reward despite agents taking 78 total actions, indicating a complete failure to coordinate and achieve the foraging objective.","Environment: lbforaging:Foraging-10x10-3p-3f-v3 | Episode length: 51 | Number of agents: 3 | Episode return: 0.0000 | Success threshold reached: not configured | Positive reward steps: 0 | Zero reward steps: 51 | Action histogram: {'south': 69, 'west': 17, 'load': 40, 'east': 21, 'north': 4, 'noop': 2} | Load action counts by agent: [7, 12, 21] | Mean absolute state change: 0.047778 | State variation: 2.639020"
/data/lab/AAAI_repo/results/phase2_full_semantic_20260704_175517/phase2_validation_records.jsonl,260,inefficient_exploration,insufficient_cooperation,0.95,,"The agents spent the entire episode (51 steps) performing load actions without any movement or state change, indicating a complete failure to cooperate to reach a foraging objective.","Environment: lbforaging:Foraging-8x8-2p-2f-coop-v3 | Episode length: 51 | Number of agents: 2 | Episode return: 0.0000 | Success threshold reached: not configured | Positive reward steps: 0 | Zero reward steps: 51 | Action histogram: {'south': 9, 'west': 19, 'load': 68, 'east': 6} | Load action counts by agent: [33, 35] | Mean absolute state change: 0.050000 | State variation: 1.703636"
/data/lab/AAAI_repo/results/phase2_full_semantic_20260704_175517/phase2_validation_records.jsonl,108,inefficient_exploration,insufficient_cooperation,0.95,,"The agents spent the entire episode moving in unproductive directions (north/west) without executing the required 'load' action, indicating a complete failure to coordinate on the cooperative task.","Environment: lbforaging:Foraging-8x8-2p-2f-coop-v3 | Episode length: 51 | Number of agents: 2 | Episode return: 0.0000 | Success threshold reached: not configured | Positive reward steps: 0 | Zero reward steps: 51 | Action histogram: {'north': 36, 'west': 32, 'load': 7, 'south': 3, 'noop': 23, 'east': 1} | Load action counts by agent: [3, 4] | Mean absolute state change: 0.026667 | State variation: 1.726499"
/data/lab/AAAI_repo/results/phase2_full_semantic_20260704_175517/phase2_validation_records.jsonl,206,inefficient_exploration,insufficient_cooperation,0.95,,"All 51 steps yielded zero reward despite agents repeatedly executing the 'load' action, indicating they failed to coordinate with the environment or each other to achieve the foraging objective.","Environment: lbforaging:Foraging-10x10-3p-3f-v3 | Episode length: 51 | Number of agents: 3 | Episode return: 0.0000 | Success threshold reached: not configured | Positive reward steps: 0 | Zero reward steps: 51 | Action histogram: {'north': 32, 'load': 100, 'east': 8, 'south': 3, 'west': 8, 'noop': 2} | Load action counts by agent: [41, 29, 30] | Mean absolute state change: 0.038889 | State variation: 2.619132"
/data/lab/AAAI_repo/results/phase2_full_semantic_20260704_175517/phase2_validation_records.jsonl,16,inefficient_exploration,insufficient_cooperation,0.95,,"All 51 steps yielded zero reward despite agents performing load actions, indicating they failed to coordinate to successfully forage or deliver items.","Environment: lbforaging:Foraging-10x10-3p-3f-v3 | Episode length: 51 | Number of agents: 3 | Episode return: 0.0000 | Success threshold reached: not configured | Positive reward steps: 0 | Zero reward steps: 51 | Action histogram: {'east': 16, 'west': 12, 'noop': 14, 'north': 3, 'south': 30, 'load': 78} | Load action counts by agent: [21, 29, 28] | Mean absolute state change: 0.052222 | State variation: 2.838551"
/data/lab/AAAI_repo/results/phase2_full_semantic_20260704_175517/phase2_validation_records.jsonl,236,inefficient_exploration,insufficient_cooperation,0.95,,"All 51 steps yielded zero reward despite agents performing load actions, indicating they failed to coordinate effectively to achieve the foraging objective.","Environment: lbforaging:Foraging-10x10-3p-3f-v3 | Episode length: 51 | Number of agents: 3 | Episode return: 0.0000 | Success threshold reached: not configured | Positive reward steps: 0 | Zero reward steps: 51 | Action histogram: {'south': 69, 'load': 67, 'west': 8, 'noop': 7, 'north': 2} | Load action counts by agent: [22, 19, 26] | Mean absolute state change: 0.020000 | State variation: 2.618501"
/data/lab/AAAI_repo/results/phase2_full_semantic_20260704_175517/phase2_validation_records.jsonl,250,inefficient_exploration,insufficient_cooperation,0.95,,"All 51 steps yielded zero reward despite agents performing individual 'load' actions, indicating they failed to coordinate to collect the 3 available food items.","Environment: lbforaging:Foraging-10x10-3p-3f-v3 | Episode length: 51 | Number of agents: 3 | Episode return: 0.0000 | Success threshold reached: not configured | Positive reward steps: 0 | Zero reward steps: 51 | Action histogram: {'load': 107, 'west': 20, 'east': 7, 'north': 3, 'noop': 12, 'south': 4} | Load action counts by agent: [40, 39, 28] | Mean absolute state change: 0.031111 | State variation: 2.447942"
/data/lab/AAAI_repo/results/phase2_full_semantic_20260704_175517/phase2_validation_records.jsonl,233,inefficient_exploration,insufficient_cooperation,0.95,,"All 51 steps yielded zero reward despite agents performing load actions, indicating they failed to coordinate to retrieve and deliver items to a common objective.","Environment: lbforaging:Foraging-10x10-3p-3f-v3 | Episode length: 51 | Number of agents: 3 | Episode return: 0.0000 | Success threshold reached: not configured | Positive reward steps: 0 | Zero reward steps: 51 | Action histogram: {'south': 33, 'load': 58, 'west': 43, 'east': 7, 'north': 7, 'noop': 5} | Load action counts by agent: [17, 20, 21] | Mean absolute state change: 0.051111 | State variation: 2.860099"
/data/lab/AAAI_repo/results/phase2_full_semantic_20260704_175517/phase2_validation_records.jsonl,200,inefficient_exploration,insufficient_cooperation,0.95,,"All 51 steps yielded zero reward despite agents performing load actions, indicating they failed to coordinate to collect and deliver the foraging items.","Environment: lbforaging:Foraging-10x10-3p-3f-v3 | Episode length: 51 | Number of agents: 3 | Episode return: 0.0000 | Success threshold reached: not configured | Positive reward steps: 0 | Zero reward steps: 51 | Action histogram: {'load': 40, 'noop': 7, 'east': 61, 'south': 10, 'north': 34, 'west': 1} | Load action counts by agent: [13, 13, 14] | Mean absolute state change: 0.052222 | State variation: 2.780659"
/data/lab/AAAI_repo/results/phase2_full_semantic_20260704_175517/phase2_validation_records.jsonl,254,inefficient_exploration,insufficient_cooperation,0.95,,"The agents spent the entire episode performing redundant 'load' actions without any movement or coordination, resulting in zero progress toward a cooperative objective.","Environment: lbforaging:Foraging-8x8-2p-2f-coop-v3 | Episode length: 51 | Number of agents: 2 | Episode return: 0.0000 | Success threshold reached: not configured | Positive reward steps: 0 | Zero reward steps: 51 | Action histogram: {'noop': 6, 'load': 57, 'south': 7, 'east': 29, 'north': 3} | Load action counts by agent: [26, 31] | Mean absolute state change: 0.010000 | State variation: 2.458504"
/data/lab/AAAI_repo/results/phase2_full_semantic_20260704_175517/phase2_validation_records.jsonl,296,inefficient_exploration,insufficient_cooperation,0.95,,"All 51 steps yielded zero reward despite agents taking 62 'load' actions, indicating they failed to coordinate to successfully forage or deliver items.","Environment: lbforaging:Foraging-10x10-3p-3f-v3 | Episode length: 51 | Number of agents: 3 | Episode return: 0.0000 | Success threshold reached: not configured | Positive reward steps: 0 | Zero reward steps: 51 | Action histogram: {'load': 62, 'west': 16, 'south': 32, 'east': 27, 'noop': 2, 'north': 14} | Load action counts by agent: [23, 17, 22] | Mean absolute state change: 0.084444 | State variation: 2.497023"
/data/lab/AAAI_repo/results/phase2_full_semantic_20260704_175517/phase2_validation_records.jsonl,207,inefficient_exploration,insufficient_cooperation,0.95,,"All 51 steps yielded zero reward despite agents repeatedly executing the 'load' action, indicating they failed to coordinate with the environment or each other to achieve the foraging objective.","Environment: lbforaging:Foraging-10x10-3p-3f-v3 | Episode length: 51 | Number of agents: 3 | Episode return: 0.0000 | Success threshold reached: not configured | Positive reward steps: 0 | Zero reward steps: 51 | Action histogram: {'noop': 2, 'south': 32, 'west': 5, 'load': 111, 'north': 2, 'east': 1} | Load action counts by agent: [38, 36, 37] | Mean absolute state change: 0.018889 | State variation: 2.539359"
/data/lab/AAAI_repo/results/phase2_full_semantic_20260704_175517/phase2_validation_records.jsonl,46,inefficient_exploration,insufficient_cooperation,0.95,,"All 51 steps yielded zero reward despite agents performing load actions, indicating they failed to coordinate effectively to achieve the foraging objective.","Environment: lbforaging:Foraging-10x10-3p-3f-v3 | Episode length: 51 | Number of agents: 3 | Episode return: 0.0000 | Success threshold reached: not configured | Positive reward steps: 0 | Zero reward steps: 51 | Action histogram: {'west': 26, 'north': 17, 'load': 64, 'east': 34, 'south': 12} | Load action counts by agent: [19, 24, 21] | Mean absolute state change: 0.068889 | State variation: 2.017621"
/data/lab/AAAI_repo/results/phase2_full_semantic_20260704_175517/phase2_validation_records.jsonl,249,inefficient_exploration,insufficient_cooperation,0.95,,All 51 steps yielded zero reward because agents repeatedly executed the 'load' action individually without coordinating to move items to a shared objective.,"Environment: lbforaging:Foraging-10x10-3p-3f-v3 | Episode length: 51 | Number of agents: 3 | Episode return: 0.0000 | Success threshold reached: not configured | Positive reward steps: 0 | Zero reward steps: 51 | Action histogram: {'south': 4, 'load': 76, 'west': 31, 'north': 38, 'noop': 1, 'east': 3} | Load action counts by agent: [24, 28, 24] | Mean absolute state change: 0.038889 | State variation: 2.515281"
/data/lab/AAAI_repo/results/phase2_full_semantic_20260704_175517/phase2_validation_records.jsonl,120,inefficient_exploration,insufficient_cooperation,0.95,,"The agents spent the entire episode performing redundant 'load' actions without any movement or coordination, resulting in zero progress toward a shared objective.","Environment: lbforaging:Foraging-8x8-2p-2f-coop-v3 | Episode length: 51 | Number of agents: 2 | Episode return: 0.0000 | Success threshold reached: not configured | Positive reward steps: 0 | Zero reward steps: 51 | Action histogram: {'south': 7, 'noop': 22, 'load': 56, 'west': 13, 'east': 4} | Load action counts by agent: [31, 25] | Mean absolute state change: 0.033333 | State variation: 1.924325"
/data/lab/AAAI_repo/results/phase2_full_semantic_20260704_175517/phase2_validation_records.jsonl,11,inefficient_exploration,insufficient_cooperation,0.95,,"All 51 steps yielded zero reward because agents exclusively performed the 'load' action, failing to coordinate with the foraging agents to collect resources.","Environment: lbforaging:Foraging-10x10-3p-3f-v3 | Episode length: 51 | Number of agents: 3 | Episode return: 0.0000 | Success threshold reached: not configured | Positive reward steps: 0 | Zero reward steps: 51 | Action histogram: {'load': 80, 'north': 22, 'east': 20, 'noop': 6, 'west': 12, 'south': 13} | Load action counts by agent: [26, 29, 25] | Mean absolute state change: 0.063333 | State variation: 2.102177"
/data/lab/AAAI_repo/results/phase2_full_semantic_20260704_175517/phase2_validation_records.jsonl,137,target_miscoordination,insufficient_cooperation,0.95,,"The agents failed to converge on a shared foraging target, evidenced by zero positive rewards and a load action distribution (12, 1, 3) that indicates only one agent successfully loaded an item while the others remained idle.","Environment: lbforaging:Foraging-10x10-3p-3f-v3 | Episode length: 51 | Number of agents: 3 | Episode return: 0.0000 | Success threshold reached: not configured | Positive reward steps: 0 | Zero reward steps: 51 | Action histogram: {'east': 3, 'south': 126, 'load': 16, 'west': 7, 'noop': 1} | Load action counts by agent: [12, 1, 3] | Mean absolute state change: 0.028889 | State variation: 2.811012"
/data/lab/AAAI_repo/results/phase2_full_semantic_20260704_175517/phase2_validation_records.jsonl,267,inefficient_exploration,insufficient_cooperation,0.95,,"The agents spent the entire episode (51 steps) with zero positive rewards, indicating a complete failure to coordinate or act effectively as a team.","Environment: lbforaging:Foraging-8x8-2p-2f-coop-v3 | Episode length: 51 | Number of agents: 2 | Episode return: 0.0000 | Success threshold reached: not configured | Positive reward steps: 0 | Zero reward steps: 51 | Action histogram: {'load': 64, 'east': 13, 'south': 19, 'noop': 6} | Load action counts by agent: [35, 29] | Mean absolute state change: 0.015000 | State variation: 2.005255"
/data/lab/AAAI_repo/results/phase2_full_semantic_20260704_175517/phase2_validation_records.jsonl,209,inefficient_exploration,insufficient_cooperation,0.95,,"All 51 steps yielded zero reward despite agents frequently executing the 'load' action, indicating they failed to coordinate with the foraging targets.","Environment: lbforaging:Foraging-10x10-3p-3f-v3 | Episode length: 51 | Number of agents: 3 | Episode return: 0.0000 | Success threshold reached: not configured | Positive reward steps: 0 | Zero reward steps: 51 | Action histogram: {'load': 113, 'south': 14, 'east': 3, 'west': 4, 'north': 19} | Load action counts by agent: [35, 41, 37] | Mean absolute state change: 0.041111 | State variation: 2.523272"
/data/lab/AAAI_repo/results/phase2_full_semantic_20260704_175517/phase2_validation_records.jsonl,243,inefficient_exploration,insufficient_cooperation,0.95,,"All 51 steps consisted of load actions with no movement toward objectives, indicating agents acted alone rather than coordinating to forage.","Environment: lbforaging:Foraging-10x10-3p-3f-v3 | Episode length: 51 | Number of agents: 3 | Episode return: 0.0000 | Success threshold reached: not configured | Positive reward steps: 0 | Zero reward steps: 51 | Action histogram: {'east': 20, 'west': 16, 'load': 90, 'north': 14, 'south': 12, 'noop': 1} | Load action counts by agent: [33, 29, 28] | Mean absolute state change: 0.052222 | State variation: 1.600640"
/data/lab/AAAI_repo/results/phase2_full_semantic_20260704_175517/phase2_validation_records.jsonl,195,inefficient_exploration,insufficient_cooperation,0.95,,"The agents failed to converge on a shared foraging target, evidenced by zero positive rewards and a high frequency of non-cooperative actions like 'south' and 'east' over the entire episode.","Environment: lbforaging:Foraging-8x8-2p-2f-coop-v3 | Episode length: 51 | Number of agents: 2 | Episode return: 0.0000 | Success threshold reached: not configured | Positive reward steps: 0 | Zero reward steps: 51 | Action histogram: {'south': 41, 'east': 18, 'load': 10, 'noop': 22, 'north': 5, 'west': 6} | Load action counts by agent: [4, 6] | Mean absolute state change: 0.061667 | State variation: 1.920286"
/data/lab/AAAI_repo/results/phase2_full_semantic_20260704_175517/phase2_validation_records.jsonl,59,inefficient_exploration,insufficient_cooperation,0.95,,"All 51 steps yielded zero reward despite agents performing load actions, indicating they failed to coordinate effectively to achieve the foraging objective.","Environment: lbforaging:Foraging-10x10-3p-3f-v3 | Episode length: 51 | Number of agents: 3 | Episode return: 0.0000 | Success threshold reached: not configured | Positive reward steps: 0 | Zero reward steps: 51 | Action histogram: {'south': 92, 'east': 11, 'load': 40, 'north': 6, 'noop': 4} | Load action counts by agent: [15, 16, 9] | Mean absolute state change: 0.037778 | State variation: 2.825635"
/data/lab/AAAI_repo/results/phase2_full_semantic_20260704_175517/phase2_validation_records.jsonl,133,target_miscoordination,insufficient_cooperation,0.95,,"All 51 steps yielded zero reward despite agents performing load actions, indicating they failed to coordinate with the forager to complete the cooperative task.","Environment: lbforaging:Foraging-10x10-3p-3f-v3 | Episode length: 51 | Number of agents: 3 | Episode return: 0.0000 | Success threshold reached: not configured | Positive reward steps: 0 | Zero reward steps: 51 | Action histogram: {'east': 9, 'load': 28, 'south': 98, 'west': 13, 'noop': 3, 'north': 2} | Load action counts by agent: [14, 10, 4] | Mean absolute state change: 0.031111 | State variation: 2.888048"
/data/lab/AAAI_repo/results/phase2_full_semantic_20260704_175517/phase2_validation_records.jsonl,50,inefficient_exploration,insufficient_cooperation,0.95,,"All 51 steps yielded zero reward despite agents performing individual actions, indicating a complete failure to coordinate toward a shared foraging objective.","Environment: lbforaging:Foraging-10x10-3p-3f-v3 | Episode length: 51 | Number of agents: 3 | Episode return: 0.0000 | Success threshold reached: not configured | Positive reward steps: 0 | Zero reward steps: 51 | Action histogram: {'load': 39, 'west': 39, 'south': 59, 'north': 7, 'noop': 8, 'east': 1} | Load action counts by agent: [10, 13, 16] | Mean absolute state change: 0.045556 | State variation: 2.670542"
/data/lab/AAAI_repo/results/phase2_full_semantic_20260704_175517/phase2_validation_records.jsonl,33,inefficient_exploration,insufficient_cooperation,0.95,,"All 51 steps yielded zero reward despite agents performing load actions, indicating they failed to coordinate effectively to retrieve and deliver resources.","Environment: lbforaging:Foraging-10x10-3p-3f-v3 | Episode length: 51 | Number of agents: 3 | Episode return: 0.0000 | Success threshold reached: not configured | Positive reward steps: 0 | Zero reward steps: 51 | Action histogram: {'noop': 25, 'east': 22, 'south': 18, 'load': 42, 'west': 26, 'north': 20} | Load action counts by agent: [15, 16, 11] | Mean absolute state change: 0.085556 | State variation: 2.234205"
/data/lab/AAAI_repo/results/phase2_full_semantic_20260704_175517/phase2_validation_records.jsonl,198,inefficient_exploration,insufficient_cooperation,0.95,,"All 51 steps were zero-reward because every agent exclusively performed the 'load' action, indicating a complete failure to coordinate with food sources or other agents.","Environment: lbforaging:Foraging-10x10-3p-3f-v3 | Episode length: 51 | Number of agents: 3 | Episode return: 0.0000 | Success threshold reached: not configured | Positive reward steps: 0 | Zero reward steps: 51 | Action histogram: {'load': 100, 'east': 14, 'south': 16, 'west': 11, 'north': 12} | Load action counts by agent: [31, 32, 37] | Mean absolute state change: 0.048889 | State variation: 2.330713"
/data/lab/AAAI_repo/results/phase2_full_semantic_20260704_175517/phase2_validation_records.jsonl,194,inefficient_exploration,insufficient_cooperation,0.95,,"All 51 steps yielded zero reward despite agents taking actions, indicating a complete failure to coordinate and achieve the foraging objective.","Environment: lbforaging:Foraging-10x10-3p-3f-v3 | Episode length: 51 | Number of agents: 3 | Episode return: 0.0000 | Success threshold reached: not configured | Positive reward steps: 0 | Zero reward steps: 51 | Action histogram: {'load': 80, 'east': 5, 'north': 39, 'west': 25, 'noop': 3, 'south': 1} | Load action counts by agent: [33, 25, 22] | Mean absolute state change: 0.030000 | State variation: 2.151806"
/data/lab/AAAI_repo/results/phase2_full_semantic_20260704_175517/phase2_validation_records.jsonl,56,inefficient_exploration,insufficient_cooperation,0.95,,"All 51 steps yielded zero reward because agents exclusively performed the 'load' action, failing to coordinate with food sources or other agents to complete the foraging task.","Environment: lbforaging:Foraging-10x10-3p-3f-v3 | Episode length: 51 | Number of agents: 3 | Episode return: 0.0000 | Success threshold reached: not configured | Positive reward steps: 0 | Zero reward steps: 51 | Action histogram: {'load': 95, 'east': 40, 'west': 2, 'noop': 2, 'south': 10, 'north': 4} | Load action counts by agent: [33, 30, 32] | Mean absolute state change: 0.031111 | State variation: 2.592645"
/data/lab/AAAI_repo/results/phase2_full_semantic_20260704_175517/phase2_validation_records.jsonl,30,inefficient_exploration,insufficient_cooperation,0.95,,"Both agents spent the entire episode (51 steps) performing load actions without any movement or coordination, resulting in zero positive rewards.","Environment: lbforaging:Foraging-8x8-2p-2f-coop-v3 | Episode length: 51 | Number of agents: 2 | Episode return: 0.0000 | Success threshold reached: not configured | Positive reward steps: 0 | Zero reward steps: 51 | Action histogram: {'west': 10, 'north': 7, 'load': 83, 'noop': 1, 'east': 1} | Load action counts by agent: [45, 38] | Mean absolute state change: 0.018333 | State variation: 1.652652"
/data/lab/AAAI_repo/results/phase2_full_semantic_20260704_175517/phase2_validation_records.jsonl,174,inefficient_exploration,insufficient_cooperation,0.95,,"Both agents spent the entire episode performing the 'load' action without any movement or coordination, resulting in zero progress toward a cooperative objective.","Environment: lbforaging:Foraging-8x8-2p-2f-coop-v3 | Episode length: 51 | Number of agents: 2 | Episode return: 0.0000 | Success threshold reached: not configured | Positive reward steps: 0 | Zero reward steps: 51 | Action histogram: {'west': 1, 'north': 6, 'load': 93, 'noop': 2} | Load action counts by agent: [49, 44] | Mean absolute state change: 0.011667 | State variation: 1.485375"
/data/lab/AAAI_repo/results/phase2_full_semantic_20260704_175517/phase2_validation_records.jsonl,121,target_miscoordination,insufficient_cooperation,0.95,,"All 51 steps yielded zero reward despite agents taking load actions, indicating they failed to coordinate to successfully forage or deliver items.","Environment: lbforaging:Foraging-10x10-3p-3f-v3 | Episode length: 51 | Number of agents: 3 | Episode return: 0.0000 | Success threshold reached: not configured | Positive reward steps: 0 | Zero reward steps: 51 | Action histogram: {'east': 5, 'load': 34, 'west': 103, 'south': 7, 'north': 4} | Load action counts by agent: [5, 16, 13] | Mean absolute state change: 0.028889 | State variation: 2.487158"
/data/lab/AAAI_repo/results/phase2_full_semantic_20260704_175517/phase2_validation_records.jsonl,45,inefficient_exploration,insufficient_cooperation,0.95,,"All 51 steps were spent loading items without any movement toward the foraging targets, indicating agents acted alone rather than cooperating to reach the objective.","Environment: lbforaging:Foraging-10x10-3p-3f-v3 | Episode length: 51 | Number of agents: 3 | Episode return: 0.0000 | Success threshold reached: not configured | Positive reward steps: 0 | Zero reward steps: 51 | Action histogram: {'north': 7, 'west': 8, 'load': 98, 'south': 29, 'east': 8, 'noop': 3} | Load action counts by agent: [29, 35, 34] | Mean absolute state change: 0.041111 | State variation: 2.773792"
/data/lab/AAAI_repo/results/phase2_full_semantic_20260704_175517/phase2_validation_records.jsonl,255,inefficient_exploration,insufficient_cooperation,0.95,,"All 51 steps yielded zero reward despite agents performing individual load actions, indicating a complete failure to coordinate foraging tasks.","Environment: lbforaging:Foraging-10x10-3p-3f-v3 | Episode length: 51 | Number of agents: 3 | Episode return: 0.0000 | Success threshold reached: not configured | Positive reward steps: 0 | Zero reward steps: 51 | Action histogram: {'east': 24, 'load': 44, 'west': 45, 'south': 19, 'north': 20, 'noop': 1} | Load action counts by agent: [18, 15, 11] | Mean absolute state change: 0.088889 | State variation: 2.495190"
/data/lab/AAAI_repo/results/phase2_full_semantic_20260704_175517/phase2_validation_records.jsonl,107,inefficient_exploration,insufficient_cooperation,0.95,,"All 51 steps resulted in zero reward despite agents performing load actions, indicating they failed to coordinate the foraging task effectively.","Environment: lbforaging:Foraging-10x10-3p-3f-v3 | Episode length: 51 | Number of agents: 3 | Episode return: 0.0000 | Success threshold reached: not configured | Positive reward steps: 0 | Zero reward steps: 51 | Action histogram: {'west': 4, 'noop': 5, 'east': 18, 'load': 80, 'north': 24, 'south': 22} | Load action counts by agent: [24, 27, 29] | Mean absolute state change: 0.066667 | State variation: 2.419707"
/data/lab/AAAI_repo/results/phase2_full_semantic_20260704_175517/phase2_validation_records.jsonl,73,inefficient_exploration,insufficient_cooperation,0.95,,"All 51 steps yielded zero reward despite agents taking 83 'load' actions, indicating they failed to coordinate to collect and deliver items to a common objective.","Environment: lbforaging:Foraging-10x10-3p-3f-v3 | Episode length: 51 | Number of agents: 3 | Episode return: 0.0000 | Success threshold reached: not configured | Positive reward steps: 0 | Zero reward steps: 51 | Action histogram: {'load': 83, 'north': 25, 'west': 12, 'south': 14, 'east': 19} | Load action counts by agent: [25, 30, 28] | Mean absolute state change: 0.061111 | State variation: 1.933906"
/data/lab/AAAI_repo/results/phase2_full_semantic_20260704_175517/phase2_validation_records.jsonl,268,inefficient_exploration,insufficient_cooperation,0.95,,"The agents spent the entire episode performing isolated load actions without any movement toward a shared cooperative objective, resulting in zero positive rewards.","Environment: lbforaging:Foraging-8x8-2p-2f-coop-v3 | Episode length: 51 | Number of agents: 2 | Episode return: 0.0000 | Success threshold reached: not configured | Positive reward steps: 0 | Zero reward steps: 51 | Action histogram: {'noop': 9, 'load': 37, 'east': 12, 'west': 14, 'south': 28, 'north': 2} | Load action counts by agent: [17, 20] | Mean absolute state change: 0.060000 | State variation: 1.707850"
/data/lab/AAAI_repo/results/phase2_full_semantic_20260704_175517/phase2_validation_records.jsonl,20,inefficient_exploration,insufficient_cooperation,0.95,,"The agents failed to converge on a shared cooperative target, evidenced by zero positive rewards and a high frequency of non-cooperative movement actions (east/south) compared to load actions.","Environment: lbforaging:Foraging-8x8-2p-2f-coop-v3 | Episode length: 51 | Number of agents: 2 | Episode return: 0.0000 | Success threshold reached: not configured | Positive reward steps: 0 | Zero reward steps: 51 | Action histogram: {'east': 33, 'south': 50, 'load': 13, 'west': 4, 'noop': 2} | Load action counts by agent: [5, 8] | Mean absolute state change: 0.035000 | State variation: 2.123154"
/data/lab/AAAI_repo/results/phase2_full_semantic_20260704_175517/phase2_validation_records.jsonl,126,target_miscoordination,insufficient_cooperation,0.95,,"The agents failed to coordinate their foraging efforts, evidenced by only one agent performing a load action while the others remained idle or moved aimlessly.","Environment: lbforaging:Foraging-10x10-3p-3f-v3 | Episode length: 51 | Number of agents: 3 | Episode return: 0.0000 | Success threshold reached: not configured | Positive reward steps: 0 | Zero reward steps: 51 | Action histogram: {'south': 117, 'load': 20, 'noop': 3, 'west': 2, 'east': 10, 'north': 1} | Load action counts by agent: [4, 15, 1] | Mean absolute state change: 0.027778 | State variation: 2.784277"
/data/lab/AAAI_repo/results/phase2_full_semantic_20260704_175517/phase2_validation_records.jsonl,180,inefficient_exploration,insufficient_cooperation,0.95,,"The agents failed to converge on a shared cooperative target, evidenced by zero positive rewards and a near-total absence of movement (mean absolute state change of 0.028) despite repeated load actions.","Environment: lbforaging:Foraging-8x8-2p-2f-coop-v3 | Episode length: 51 | Number of agents: 2 | Episode return: 0.0000 | Success threshold reached: not configured | Positive reward steps: 0 | Zero reward steps: 51 | Action histogram: {'west': 37, 'load': 15, 'north': 16, 'noop': 27, 'east': 5, 'south': 2} | Load action counts by agent: [8, 7] | Mean absolute state change: 0.028333 | State variation: 1.874652"
/data/lab/AAAI_repo/results/phase2_full_semantic_20260704_175517/phase2_validation_records.jsonl,269,inefficient_exploration,insufficient_cooperation,0.95,,"All 51 steps yielded zero reward despite agents performing load actions, indicating they failed to coordinate with the forager to complete the cooperative task.","Environment: lbforaging:Foraging-10x10-3p-3f-v3 | Episode length: 51 | Number of agents: 3 | Episode return: 0.0000 | Success threshold reached: not configured | Positive reward steps: 0 | Zero reward steps: 51 | Action histogram: {'east': 45, 'load': 70, 'west': 8, 'north': 5, 'south': 24, 'noop': 1} | Load action counts by agent: [21, 22, 27] | Mean absolute state change: 0.053333 | State variation: 2.639775"
/data/lab/AAAI_repo/results/phase2_full_semantic_20260704_175517/phase2_validation_records.jsonl,38,inefficient_exploration,insufficient_cooperation,0.95,,"All 51 steps were zero-reward steps despite agents performing the 'load' action, indicating they failed to coordinate with the environment or each other to achieve the foraging objective.","Environment: lbforaging:Foraging-10x10-3p-3f-v3 | Episode length: 51 | Number of agents: 3 | Episode return: 0.0000 | Success threshold reached: not configured | Positive reward steps: 0 | Zero reward steps: 51 | Action histogram: {'east': 26, 'load': 97, 'north': 20, 'west': 6, 'south': 4} | Load action counts by agent: [30, 32, 35] | Mean absolute state change: 0.047778 | State variation: 2.724873"
/data/lab/AAAI_repo/results/phase2_full_semantic_20260704_175517/phase2_validation_records.jsonl,273,inefficient_exploration,insufficient_cooperation,0.95,,"All 51 steps yielded zero reward because agents exclusively performed the 'load' action, indicating they failed to coordinate with other agents to reach the foraging objective.","Environment: lbforaging:Foraging-10x10-3p-3f-v3 | Episode length: 51 | Number of agents: 3 | Episode return: 0.0000 | Success threshold reached: not configured | Positive reward steps: 0 | Zero reward steps: 51 | Action histogram: {'load': 93, 'south': 43, 'west': 10, 'east': 7} | Load action counts by agent: [32, 28, 33] | Mean absolute state change: 0.031111 | State variation: 2.915914"
/data/lab/AAAI_repo/results/phase2_full_semantic_20260704_175517/phase2_validation_records.jsonl,221,inefficient_exploration,insufficient_cooperation,0.95,,"All 51 steps yielded zero reward despite agents performing load actions, indicating they failed to coordinate effectively to achieve the foraging objective.","Environment: lbforaging:Foraging-10x10-3p-3f-v3 | Episode length: 51 | Number of agents: 3 | Episode return: 0.0000 | Success threshold reached: not configured | Positive reward steps: 0 | Zero reward steps: 51 | Action histogram: {'south': 64, 'load': 63, 'north': 21, 'noop': 3, 'east': 2} | Load action counts by agent: [22, 18, 23] | Mean absolute state change: 0.065556 | State variation: 2.557960"
/data/lab/AAAI_repo/results/phase2_full_semantic_20260704_175517/phase2_validation_records.jsonl,149,insufficient_cooperation,insufficient_cooperation,0.95,,"Only one agent performed the critical 'load' action while the other remained idle, indicating a complete failure to coordinate the cooperative task.","Environment: lbforaging:Foraging-8x8-2p-2f-coop-v3 | Episode length: 51 | Number of agents: 2 | Episode return: 0.0000 | Success threshold reached: not configured | Positive reward steps: 0 | Zero reward steps: 51 | Action histogram: {'south': 38, 'north': 6, 'east': 52, 'noop': 1, 'load': 4, 'west': 1} | Load action counts by agent: [0, 4] | Mean absolute state change: 0.048333 | State variation: 2.106657"
/data/lab/AAAI_repo/results/phase2_full_semantic_20260704_175517/phase2_validation_records.jsonl,300,inefficient_exploration,insufficient_cooperation,0.95,,"Both agents executed the 'load' action 56 times out of 51 steps without any movement toward a shared objective, indicating they acted independently rather than cooperating.","Environment: lbforaging:Foraging-8x8-2p-2f-coop-v3 | Episode length: 51 | Number of agents: 2 | Episode return: 0.0000 | Success threshold reached: not configured | Positive reward steps: 0 | Zero reward steps: 51 | Action histogram: {'north': 21, 'west': 10, 'east': 7, 'load': 56, 'noop': 7, 'south': 1} | Load action counts by agent: [29, 27] | Mean absolute state change: 0.033333 | State variation: 1.618079"
/data/lab/AAAI_repo/results/phase2_full_semantic_20260704_175517/phase2_validation_records.jsonl,187,inefficient_exploration,insufficient_cooperation,0.95,,"All 51 steps yielded zero reward despite agents performing load actions, indicating a complete failure to coordinate foraging or resource collection.","Environment: lbforaging:Foraging-10x10-3p-3f-v3 | Episode length: 51 | Number of agents: 3 | Episode return: 0.0000 | Success threshold reached: not configured | Positive reward steps: 0 | Zero reward steps: 51 | Action histogram: {'load': 102, 'east': 48, 'south': 3} | Load action counts by agent: [33, 35, 34] | Mean absolute state change: 0.017778 | State variation: 2.548412"
/data/lab/AAAI_repo/results/phase2_full_semantic_20260704_175517/phase2_validation_records.jsonl,150,insufficient_cooperation,insufficient_cooperation,0.95,,"The agents failed to converge on a shared foraging target, evidenced by zero positive rewards and a near-total absence of 'load' actions (only 2 total across 51 steps) despite the task requiring cooperative resource acquisition.","Environment: lbforaging:Foraging-8x8-2p-2f-coop-v3 | Episode length: 51 | Number of agents: 2 | Episode return: 0.0000 | Success threshold reached: not configured | Positive reward steps: 0 | Zero reward steps: 51 | Action histogram: {'east': 43, 'west': 2, 'south': 49, 'load': 2, 'noop': 3, 'north': 3} | Load action counts by agent: [0, 2] | Mean absolute state change: 0.031667 | State variation: 2.367729"
/data/lab/AAAI_repo/results/phase2_full_semantic_20260704_175517/phase2_validation_records.jsonl,226,inefficient_exploration,insufficient_cooperation,0.95,,"All 51 steps yielded zero reward despite agents performing load actions, indicating they failed to coordinate with the forager to complete the cooperative task.","Environment: lbforaging:Foraging-10x10-3p-3f-v3 | Episode length: 51 | Number of agents: 3 | Episode return: 0.0000 | Success threshold reached: not configured | Positive reward steps: 0 | Zero reward steps: 51 | Action histogram: {'east': 54, 'load': 89, 'north': 2, 'west': 1, 'noop': 5, 'south': 2} | Load action counts by agent: [30, 28, 31] | Mean absolute state change: 0.010000 | State variation: 3.100200"
/data/lab/AAAI_repo/results/phase2_full_semantic_20260704_175517/phase2_validation_records.jsonl,114,inefficient_exploration,insufficient_cooperation,0.95,,"All 51 steps yielded zero reward despite agents performing load actions, indicating they failed to coordinate to collect food or complete the foraging task.","Environment: lbforaging:Foraging-10x10-3p-3f-v3 | Episode length: 51 | Number of agents: 3 | Episode return: 0.0000 | Success threshold reached: not configured | Positive reward steps: 0 | Zero reward steps: 51 | Action histogram: {'load': 53, 'south': 73, 'west': 10, 'east': 14, 'noop': 2, 'north': 1} | Load action counts by agent: [15, 19, 19] | Mean absolute state change: 0.038889 | State variation: 2.693122"
/data/lab/AAAI_repo/results/phase2_full_semantic_20260704_175517/phase2_validation_records.jsonl,74,inefficient_exploration,insufficient_cooperation,0.95,,"All 51 steps were zero-reward load actions with no movement toward foraging, indicating agents failed to coordinate on the cooperative foraging task.","Environment: lbforaging:Foraging-10x10-3p-3f-v3 | Episode length: 51 | Number of agents: 3 | Episode return: 0.0000 | Success threshold reached: not configured | Positive reward steps: 0 | Zero reward steps: 51 | Action histogram: {'east': 10, 'load': 96, 'west': 7, 'south': 20, 'north': 20} | Load action counts by agent: [25, 35, 36] | Mean absolute state change: 0.058889 | State variation: 2.443115"
/data/lab/AAAI_repo/results/phase2_full_semantic_20260704_175517/phase2_validation_records.jsonl,143,insufficient_cooperation,insufficient_cooperation,0.95,,"Only one agent performed the critical 'load' action while the other remained inactive for the entire episode, indicating a complete failure to coordinate the required cooperative task.","Environment: lbforaging:Foraging-8x8-2p-2f-coop-v3 | Episode length: 51 | Number of agents: 2 | Episode return: 0.0000 | Success threshold reached: not configured | Positive reward steps: 0 | Zero reward steps: 51 | Action histogram: {'east': 41, 'load': 5, 'south': 47, 'north': 2, 'noop': 7} | Load action counts by agent: [0, 5] | Mean absolute state change: 0.028333 | State variation: 2.396307"
/data/lab/AAAI_repo/results/phase2_full_semantic_20260704_175517/phase2_validation_records.jsonl,92,inefficient_exploration,insufficient_cooperation,0.95,,"The agents spent the entire episode (51 steps) performing load actions without any movement or coordination, resulting in zero positive rewards.","Environment: lbforaging:Foraging-8x8-2p-2f-coop-v3 | Episode length: 51 | Number of agents: 2 | Episode return: 0.0000 | Success threshold reached: not configured | Positive reward steps: 0 | Zero reward steps: 51 | Action histogram: {'south': 8, 'north': 9, 'load': 67, 'east': 11, 'west': 6, 'noop': 1} | Load action counts by agent: [28, 39] | Mean absolute state change: 0.045000 | State variation: 1.187853"
/data/lab/AAAI_repo/results/phase2_full_semantic_20260704_175517/phase2_validation_records.jsonl,219,inefficient_exploration,insufficient_cooperation,0.95,,"The agents failed to converge on a shared cooperative target, evidenced by zero positive rewards and a state variation of 1.971807 indicating they remained split or acting independently throughout the episode.","Environment: lbforaging:Foraging-8x8-2p-2f-coop-v3 | Episode length: 51 | Number of agents: 2 | Episode return: 0.0000 | Success threshold reached: not configured | Positive reward steps: 0 | Zero reward steps: 51 | Action histogram: {'west': 2, 'south': 57, 'east': 33, 'load': 5, 'noop': 5} | Load action counts by agent: [3, 2] | Mean absolute state change: 0.025000 | State variation: 1.971807"
/data/lab/AAAI_repo/results/phase2_full_semantic_20260704_175517/phase2_validation_records.jsonl,225,inefficient_exploration,insufficient_cooperation,0.95,,All 51 steps yielded zero reward because agents exclusively performed the 'load' action while failing to coordinate movement toward the foraging objectives.,"Environment: lbforaging:Foraging-10x10-3p-3f-v3 | Episode length: 51 | Number of agents: 3 | Episode return: 0.0000 | Success threshold reached: not configured | Positive reward steps: 0 | Zero reward steps: 51 | Action histogram: {'load': 46, 'east': 75, 'north': 27, 'south': 4, 'west': 1} | Load action counts by agent: [15, 14, 17] | Mean absolute state change: 0.047778 | State variation: 2.823545"
/data/lab/AAAI_repo/results/phase2_full_semantic_20260704_175517/phase2_validation_records.jsonl,110,inefficient_exploration,insufficient_cooperation,0.95,,"All 51 steps yielded zero reward despite agents performing load actions, indicating a complete failure to coordinate foraging or return items to the base.","Environment: lbforaging:Foraging-10x10-3p-3f-v3 | Episode length: 51 | Number of agents: 3 | Episode return: 0.0000 | Success threshold reached: not configured | Positive reward steps: 0 | Zero reward steps: 51 | Action histogram: {'south': 31, 'load': 58, 'west': 42, 'east': 19, 'noop': 2, 'north': 1} | Load action counts by agent: [20, 20, 18] | Mean absolute state change: 0.048889 | State variation: 2.794502"
/data/lab/AAAI_repo/results/phase2_full_semantic_20260704_175517/phase2_validation_records.jsonl,35,inefficient_exploration,insufficient_cooperation,0.95,,"All 51 steps yielded zero reward despite agents performing load actions, indicating a complete failure to coordinate foraging or resource collection.","Environment: lbforaging:Foraging-10x10-3p-3f-v3 | Episode length: 51 | Number of agents: 3 | Episode return: 0.0000 | Success threshold reached: not configured | Positive reward steps: 0 | Zero reward steps: 51 | Action histogram: {'east': 64, 'load': 64, 'south': 15, 'west': 7, 'north': 3} | Load action counts by agent: [23, 17, 24] | Mean absolute state change: 0.048889 | State variation: 2.777899"
/data/lab/AAAI_repo/results/phase2_full_semantic_20260704_175517/phase2_validation_records.jsonl,41,inefficient_exploration,insufficient_cooperation,0.95,,"The agents failed to converge on a shared foraging target, evidenced by zero positive rewards and a near-exclusive reliance on non-cooperative movement actions (south, east, west) with minimal load interactions.","Environment: lbforaging:Foraging-8x8-2p-2f-coop-v3 | Episode length: 51 | Number of agents: 2 | Episode return: 0.0000 | Success threshold reached: not configured | Positive reward steps: 0 | Zero reward steps: 51 | Action histogram: {'south': 41, 'west': 8, 'noop': 6, 'east': 35, 'load': 9, 'north': 3} | Load action counts by agent: [4, 5] | Mean absolute state change: 0.066667 | State variation: 2.309794"
/data/lab/AAAI_repo/results/phase2_full_semantic_20260704_175517/phase2_validation_records.jsonl,196,inefficient_exploration,insufficient_cooperation,0.95,,"All 51 steps yielded zero reward despite agents performing load actions, indicating they failed to coordinate to successfully forage or deliver items.","Environment: lbforaging:Foraging-10x10-3p-3f-v3 | Episode length: 51 | Number of agents: 3 | Episode return: 0.0000 | Success threshold reached: not configured | Positive reward steps: 0 | Zero reward steps: 51 | Action histogram: {'noop': 4, 'load': 82, 'north': 33, 'east': 7, 'south': 24, 'west': 3} | Load action counts by agent: [27, 29, 26] | Mean absolute state change: 0.067778 | State variation: 2.411506"
/data/lab/AAAI_repo/results/phase2_full_semantic_20260704_175517/phase2_validation_records.jsonl,154,insufficient_cooperation,insufficient_cooperation,0.95,,"The agents failed to coordinate on the foraging task, evidenced by zero positive reward steps and a near-total absence of 'load' actions (only 3 total across 51 steps).","Environment: lbforaging:Foraging-8x8-2p-2f-coop-v3 | Episode length: 51 | Number of agents: 2 | Episode return: 0.0000 | Success threshold reached: not configured | Positive reward steps: 0 | Zero reward steps: 51 | Action histogram: {'south': 39, 'east': 51, 'load': 3, 'noop': 5, 'north': 3, 'west': 1} | Load action counts by agent: [0, 3] | Mean absolute state change: 0.033333 | State variation: 2.186801"
/data/lab/AAAI_repo/results/phase2_full_semantic_20260704_175517/phase2_validation_records.jsonl,25,inefficient_exploration,insufficient_cooperation,0.95,,"The agents spent the entire episode (51 steps) with zero reward, indicating they failed to coordinate to perform the required cooperative foraging task.","Environment: lbforaging:Foraging-8x8-2p-2f-coop-v3 | Episode length: 51 | Number of agents: 2 | Episode return: 0.0000 | Success threshold reached: not configured | Positive reward steps: 0 | Zero reward steps: 51 | Action histogram: {'east': 31, 'load': 61, 'noop': 4, 'north': 2, 'south': 3, 'west': 1} | Load action counts by agent: [26, 35] | Mean absolute state change: 0.015000 | State variation: 2.194115"
/data/lab/AAAI_repo/results/phase2_full_semantic_20260704_175517/phase2_validation_records.jsonl,276,inefficient_exploration,insufficient_cooperation,0.95,,"All 51 steps yielded zero reward despite agents performing load actions, indicating they failed to coordinate to successfully forage or deliver items.","Environment: lbforaging:Foraging-10x10-3p-3f-v3 | Episode length: 51 | Number of agents: 3 | Episode return: 0.0000 | Success threshold reached: not configured | Positive reward steps: 0 | Zero reward steps: 51 | Action histogram: {'noop': 3, 'south': 14, 'north': 16, 'east': 20, 'load': 89, 'west': 11} | Load action counts by agent: [29, 23, 37] | Mean absolute state change: 0.056667 | State variation: 2.247748"
/data/lab/AAAI_repo/results/phase2_full_semantic_20260704_175517/phase2_validation_records.jsonl,177,inefficient_exploration,insufficient_cooperation,0.95,,"The agents spent the entire episode (51 steps) performing load actions without any movement toward a shared objective, indicating a complete lack of cooperative behavior.","Environment: lbforaging:Foraging-8x8-2p-2f-coop-v3 | Episode length: 51 | Number of agents: 2 | Episode return: 0.0000 | Success threshold reached: not configured | Positive reward steps: 0 | Zero reward steps: 51 | Action histogram: {'east': 8, 'north': 5, 'load': 84, 'south': 1, 'west': 4} | Load action counts by agent: [38, 46] | Mean absolute state change: 0.026667 | State variation: 1.000805"
/data/lab/AAAI_repo/results/phase2_full_semantic_20260704_175517/phase2_validation_records.jsonl,81,inefficient_exploration,insufficient_cooperation,0.95,,"All three agents exclusively performed the 'load' action while failing to move toward any foraging objectives, resulting in zero positive rewards.","Environment: lbforaging:Foraging-10x10-3p-3f-v3 | Episode length: 51 | Number of agents: 3 | Episode return: 0.0000 | Success threshold reached: not configured | Positive reward steps: 0 | Zero reward steps: 51 | Action histogram: {'load': 87, 'east': 64, 'south': 2} | Load action counts by agent: [30, 29, 28] | Mean absolute state change: 0.008889 | State variation: 3.048811"
/data/lab/AAAI_repo/results/phase2_full_semantic_20260704_175517/phase2_validation_records.jsonl,283,inefficient_exploration,insufficient_cooperation,0.95,,"All 51 steps yielded zero reward despite agents performing load actions, indicating they failed to coordinate to successfully forage or deliver items.","Environment: lbforaging:Foraging-10x10-3p-3f-v3 | Episode length: 51 | Number of agents: 3 | Episode return: 0.0000 | Success threshold reached: not configured | Positive reward steps: 0 | Zero reward steps: 51 | Action histogram: {'east': 10, 'north': 31, 'noop': 4, 'load': 74, 'west': 8, 'south': 26} | Load action counts by agent: [20, 29, 25] | Mean absolute state change: 0.065556 | State variation: 1.908809"
/data/lab/AAAI_repo/results/phase2_full_semantic_20260704_175517/phase2_validation_records.jsonl,241,inefficient_exploration,insufficient_cooperation,0.95,,"All 51 steps yielded zero reward despite agents performing load actions, indicating a complete failure to coordinate foraging or return items to the base.","Environment: lbforaging:Foraging-10x10-3p-3f-v3 | Episode length: 51 | Number of agents: 3 | Episode return: 0.0000 | Success threshold reached: not configured | Positive reward steps: 0 | Zero reward steps: 51 | Action histogram: {'south': 29, 'load': 52, 'east': 53, 'noop': 2, 'north': 12, 'west': 5} | Load action counts by agent: [19, 12, 21] | Mean absolute state change: 0.043333 | State variation: 2.974422"
/data/lab/AAAI_repo/results/phase2_full_semantic_20260704_175517/phase2_validation_records.jsonl,165,insufficient_cooperation,insufficient_cooperation,0.95,,"The agents failed to coordinate on a shared foraging task, evidenced by zero positive rewards and a near-exclusive reliance on non-cooperative actions like 'south' and 'east'.","Environment: lbforaging:Foraging-8x8-2p-2f-coop-v3 | Episode length: 51 | Number of agents: 2 | Episode return: 0.0000 | Success threshold reached: not configured | Positive reward steps: 0 | Zero reward steps: 51 | Action histogram: {'south': 50, 'load': 2, 'east': 40, 'noop': 5, 'north': 3, 'west': 2} | Load action counts by agent: [0, 2] | Mean absolute state change: 0.030000 | State variation: 2.138890"
/data/lab/AAAI_repo/results/phase2_full_semantic_20260704_175517/phase2_validation_records.jsonl,216,inefficient_exploration,insufficient_cooperation,0.95,,"The agents failed to converge on a shared cooperative target, evidenced by the near-total absence of 'load' actions (only 9 total across 51 steps) and a mean absolute state change of 0.048333, indicating they remained largely stationary or moved independently without collaborating to retrieve items.","Environment: lbforaging:Foraging-8x8-2p-2f-coop-v3 | Episode length: 51 | Number of agents: 2 | Episode return: 0.0000 | Success threshold reached: not configured | Positive reward steps: 0 | Zero reward steps: 51 | Action histogram: {'north': 38, 'west': 30, 'south': 4, 'load': 9, 'noop': 19, 'east': 2} | Load action counts by agent: [7, 2] | Mean absolute state change: 0.048333 | State variation: 1.621920"
/data/lab/AAAI_repo/results/phase2_full_semantic_20260704_175517/phase2_validation_records.jsonl,292,inefficient_exploration,insufficient_cooperation,0.95,,"Despite both agents performing load actions, the episode yielded zero positive rewards and zero state changes, indicating a complete failure to coordinate foraging or return items.","Environment: lbforaging:Foraging-8x8-2p-2f-coop-v3 | Episode length: 51 | Number of agents: 2 | Episode return: 0.0000 | Success threshold reached: not configured | Positive reward steps: 0 | Zero reward steps: 51 | Action histogram: {'noop': 5, 'east': 13, 'south': 29, 'load': 54, 'north': 1} | Load action counts by agent: [26, 28] | Mean absolute state change: 0.036667 | State variation: 2.200210"
/data/lab/AAAI_repo/results/phase2_full_semantic_20260704_175517/phase2_validation_records.jsonl,129,target_miscoordination,insufficient_cooperation,0.95,,"All 51 steps yielded zero reward despite agents performing individual actions, indicating a complete failure to coordinate toward a shared foraging objective.","Environment: lbforaging:Foraging-10x10-3p-3f-v3 | Episode length: 51 | Number of agents: 3 | Episode return: 0.0000 | Success threshold reached: not configured | Positive reward steps: 0 | Zero reward steps: 51 | Action histogram: {'load': 31, 'east': 9, 'south': 106, 'noop': 1, 'north': 2, 'west': 4} | Load action counts by agent: [9, 17, 5] | Mean absolute state change: 0.027778 | State variation: 2.836468"
/data/lab/AAAI_repo/results/phase2_full_semantic_20260704_175517/phase2_validation_records.jsonl,160,insufficient_cooperation,insufficient_cooperation,0.95,,"The agents failed to coordinate any foraging actions, evidenced by zero positive reward steps and a load action count of zero for the first agent.","Environment: lbforaging:Foraging-8x8-2p-2f-coop-v3 | Episode length: 51 | Number of agents: 2 | Episode return: 0.0000 | Success threshold reached: not configured | Positive reward steps: 0 | Zero reward steps: 51 | Action histogram: {'north': 1, 'load': 2, 'south': 41, 'noop': 5, 'east': 53} | Load action counts by agent: [0, 2] | Mean absolute state change: 0.031667 | State variation: 2.011084"
/data/lab/AAAI_repo/results/phase2_full_semantic_20260704_175517/phase2_validation_records.jsonl,51,inefficient_exploration,insufficient_cooperation,0.95,,"All 51 steps yielded zero reward despite agents performing load actions, indicating they failed to coordinate to successfully forage or deliver items.","Environment: lbforaging:Foraging-10x10-3p-3f-v3 | Episode length: 51 | Number of agents: 3 | Episode return: 0.0000 | Success threshold reached: not configured | Positive reward steps: 0 | Zero reward steps: 51 | Action histogram: {'south': 51, 'north': 42, 'west': 3, 'load': 50, 'east': 6, 'noop': 1} | Load action counts by agent: [15, 21, 14] | Mean absolute state change: 0.100000 | State variation: 2.363441"
/data/lab/AAAI_repo/results/phase2_full_semantic_20260704_175517/phase2_validation_records.jsonl,80,inefficient_exploration,insufficient_cooperation,0.95,,"All 51 steps yielded zero reward despite agents performing load actions, indicating a complete failure to coordinate and achieve the cooperative foraging objective.","Environment: lbforaging:Foraging-10x10-3p-3f-v3 | Episode length: 51 | Number of agents: 3 | Episode return: 0.0000 | Success threshold reached: not configured | Positive reward steps: 0 | Zero reward steps: 51 | Action histogram: {'south': 10, 'east': 109, 'load': 18, 'north': 16} | Load action counts by agent: [9, 4, 5] | Mean absolute state change: 0.037778 | State variation: 2.784306"
/data/lab/AAAI_repo/results/phase2_full_semantic_20260704_175517/phase2_validation_records.jsonl,39,inefficient_exploration,insufficient_cooperation,0.95,,"All 51 steps yielded zero reward despite agents performing load actions, indicating they failed to coordinate effectively to achieve the foraging objective.","Environment: lbforaging:Foraging-10x10-3p-3f-v3 | Episode length: 51 | Number of agents: 3 | Episode return: 0.0000 | Success threshold reached: not configured | Positive reward steps: 0 | Zero reward steps: 51 | Action histogram: {'noop': 3, 'load': 78, 'north': 15, 'west': 33, 'south': 19, 'east': 5} | Load action counts by agent: [27, 33, 18] | Mean absolute state change: 0.066667 | State variation: 2.613070"
/data/lab/AAAI_repo/results/phase2_full_semantic_20260704_175517/phase2_validation_records.jsonl,228,inefficient_exploration,insufficient_cooperation,0.95,,"Both agents exclusively performed the 'load' action while failing to move toward any shared objective, resulting in zero positive rewards over the entire episode.","Environment: lbforaging:Foraging-8x8-2p-2f-coop-v3 | Episode length: 51 | Number of agents: 2 | Episode return: 0.0000 | Success threshold reached: not configured | Positive reward steps: 0 | Zero reward steps: 51 | Action histogram: {'load': 94, 'east': 6, 'west': 1, 'south': 1} | Load action counts by agent: [46, 48] | Mean absolute state change: 0.011667 | State variation: 2.077334"
/data/lab/AAAI_repo/results/phase2_full_semantic_20260704_175517/phase2_validation_records.jsonl,136,target_miscoordination,insufficient_cooperation,0.95,,"All 51 steps yielded zero reward despite 30 load actions, indicating agents failed to coordinate effectively to retrieve and deliver resources.","Environment: lbforaging:Foraging-10x10-3p-3f-v3 | Episode length: 51 | Number of agents: 3 | Episode return: 0.0000 | Success threshold reached: not configured | Positive reward steps: 0 | Zero reward steps: 51 | Action histogram: {'east': 4, 'west': 113, 'noop': 1, 'load': 30, 'south': 5} | Load action counts by agent: [16, 9, 5] | Mean absolute state change: 0.018889 | State variation: 2.601754"
/data/lab/AAAI_repo/results/phase2_full_semantic_20260704_175517/phase2_validation_records.jsonl,258,inefficient_exploration,insufficient_cooperation,0.95,,All 51 steps yielded zero reward because agents exclusively performed individual 'load' actions without coordinating to collect the 3 available food items.,"Environment: lbforaging:Foraging-10x10-3p-3f-v3 | Episode length: 51 | Number of agents: 3 | Episode return: 0.0000 | Success threshold reached: not configured | Positive reward steps: 0 | Zero reward steps: 51 | Action histogram: {'load': 69, 'north': 53, 'east': 10, 'west': 7, 'noop': 1, 'south': 13} | Load action counts by agent: [23, 22, 24] | Mean absolute state change: 0.062222 | State variation: 2.176284"
/data/lab/AAAI_repo/results/phase2_full_semantic_20260704_175517/phase2_validation_records.jsonl,131,target_miscoordination,insufficient_cooperation,0.95,,"All 51 steps yielded zero reward despite agents taking actions, indicating a complete failure to coordinate and achieve the foraging objective.","Environment: lbforaging:Foraging-10x10-3p-3f-v3 | Episode length: 51 | Number of agents: 3 | Episode return: 0.0000 | Success threshold reached: not configured | Positive reward steps: 0 | Zero reward steps: 51 | Action histogram: {'load': 15, 'east': 6, 'south': 128, 'noop': 1, 'west': 3} | Load action counts by agent: [9, 2, 4] | Mean absolute state change: 0.020000 | State variation: 2.896144"
/data/lab/AAAI_repo/results/phase2_full_semantic_20260704_175517/phase2_validation_records.jsonl,169,insufficient_cooperation,insufficient_cooperation,0.95,,"The agents failed to perform any load actions (0 total) despite the task requiring cooperation, resulting in zero rewards across all 51 steps.","Environment: lbforaging:Foraging-8x8-2p-2f-coop-v3 | Episode length: 51 | Number of agents: 2 | Episode return: 0.0000 | Success threshold reached: not configured | Positive reward steps: 0 | Zero reward steps: 51 | Action histogram: {'south': 57, 'east': 38, 'noop': 3, 'north': 2, 'load': 2} | Load action counts by agent: [0, 2] | Mean absolute state change: 0.018333 | State variation: 2.453715"
/data/lab/AAAI_repo/results/phase2_full_semantic_20260704_175517/phase2_validation_records.jsonl,19,inefficient_exploration,insufficient_cooperation,0.95,,"The agents failed to converge on a shared foraging target, evidenced by zero positive rewards and a high frequency of non-cooperative actions like 'east' and 'south' without corresponding 'load' actions.","Environment: lbforaging:Foraging-8x8-2p-2f-coop-v3 | Episode length: 51 | Number of agents: 2 | Episode return: 0.0000 | Success threshold reached: not configured | Positive reward steps: 0 | Zero reward steps: 51 | Action histogram: {'west': 6, 'noop': 5, 'south': 35, 'east': 36, 'load': 15, 'north': 5} | Load action counts by agent: [8, 7] | Mean absolute state change: 0.056667 | State variation: 2.162179"
/data/lab/AAAI_repo/results/phase2_full_semantic_20260704_175517/phase2_validation_records.jsonl,281,inefficient_exploration,insufficient_cooperation,0.95,,"All 51 steps yielded zero reward despite agents performing load actions, indicating they failed to coordinate effectively to achieve the foraging objective.","Environment: lbforaging:Foraging-10x10-3p-3f-v3 | Episode length: 51 | Number of agents: 3 | Episode return: 0.0000 | Success threshold reached: not configured | Positive reward steps: 0 | Zero reward steps: 51 | Action histogram: {'west': 8, 'north': 1, 'load': 83, 'south': 57, 'noop': 3, 'east': 1} | Load action counts by agent: [24, 32, 27] | Mean absolute state change: 0.023333 | State variation: 2.936759"
/data/lab/AAAI_repo/results/phase2_full_semantic_20260704_175517/phase2_validation_records.jsonl,130,target_miscoordination,insufficient_cooperation,0.95,,"All 51 steps yielded zero reward despite agents performing load actions, indicating a complete failure to coordinate foraging or transport tasks.","Environment: lbforaging:Foraging-10x10-3p-3f-v3 | Episode length: 51 | Number of agents: 3 | Episode return: 0.0000 | Success threshold reached: not configured | Positive reward steps: 0 | Zero reward steps: 51 | Action histogram: {'south': 7, 'load': 35, 'west': 16, 'noop': 61, 'east': 16, 'north': 18} | Load action counts by agent: [6, 20, 9] | Mean absolute state change: 0.047778 | State variation: 2.612532"
/data/lab/AAAI_repo/results/phase2_full_semantic_20260704_175517/phase2_validation_records.jsonl,229,inefficient_exploration,insufficient_cooperation,0.95,,"All 51 steps yielded zero reward despite agents performing the 'load' action, indicating they failed to coordinate to complete the foraging task.","Environment: lbforaging:Foraging-10x10-3p-3f-v3 | Episode length: 51 | Number of agents: 3 | Episode return: 0.0000 | Success threshold reached: not configured | Positive reward steps: 0 | Zero reward steps: 51 | Action histogram: {'load': 84, 'west': 3, 'east': 19, 'north': 26, 'south': 19, 'noop': 2} | Load action counts by agent: [26, 28, 30] | Mean absolute state change: 0.057778 | State variation: 2.817536"
/data/lab/AAAI_repo/results/phase2_full_semantic_20260704_175517/phase2_validation_records.jsonl,140,insufficient_cooperation,insufficient_cooperation,0.95,,"Only one agent performed the critical 'load' action while the other remained idle, indicating a complete failure to coordinate the cooperative task.","Environment: lbforaging:Foraging-8x8-2p-2f-coop-v3 | Episode length: 51 | Number of agents: 2 | Episode return: 0.0000 | Success threshold reached: not configured | Positive reward steps: 0 | Zero reward steps: 51 | Action histogram: {'east': 44, 'south': 37, 'west': 1, 'north': 3, 'noop': 13, 'load': 4} | Load action counts by agent: [0, 4] | Mean absolute state change: 0.035000 | State variation: 2.437746"
/data/lab/AAAI_repo/results/phase2_full_semantic_20260704_175517/phase2_validation_records.jsonl,57,inefficient_exploration,insufficient_cooperation,0.95,,"The agents failed to converge on a shared cooperative target, evidenced by the complete absence of positive rewards and a near-equal split of actions between the two agents.","Environment: lbforaging:Foraging-8x8-2p-2f-coop-v3 | Episode length: 51 | Number of agents: 2 | Episode return: 0.0000 | Success threshold reached: not configured | Positive reward steps: 0 | Zero reward steps: 51 | Action histogram: {'north': 25, 'west': 25, 'load': 21, 'noop': 24, 'east': 5, 'south': 2} | Load action counts by agent: [9, 12] | Mean absolute state change: 0.051667 | State variation: 1.815084"
/data/lab/AAAI_repo/results/phase2_full_semantic_20260704_175517/phase2_validation_records.jsonl,89,inefficient_exploration,insufficient_cooperation,0.95,,"All 51 steps were spent with zero reward despite agents performing load actions, indicating they failed to coordinate to successfully forage or deliver items.","Environment: lbforaging:Foraging-10x10-3p-3f-v3 | Episode length: 51 | Number of agents: 3 | Episode return: 0.0000 | Success threshold reached: not configured | Positive reward steps: 0 | Zero reward steps: 51 | Action histogram: {'north': 4, 'south': 87, 'load': 51, 'noop': 3, 'east': 8} | Load action counts by agent: [15, 20, 16] | Mean absolute state change: 0.028889 | State variation: 2.666635"
/data/lab/AAAI_repo/results/phase2_full_semantic_20260704_175517/phase2_validation_records.jsonl,63,inefficient_exploration,insufficient_cooperation,0.95,,"All 51 steps yielded zero reward despite agents frequently executing the 'load' action, indicating they failed to coordinate with the foraging targets.","Environment: lbforaging:Foraging-10x10-3p-3f-v3 | Episode length: 51 | Number of agents: 3 | Episode return: 0.0000 | Success threshold reached: not configured | Positive reward steps: 0 | Zero reward steps: 51 | Action histogram: {'load': 107, 'north': 18, 'east': 13, 'noop': 1, 'west': 9, 'south': 5} | Load action counts by agent: [37, 34, 36] | Mean absolute state change: 0.038889 | State variation: 1.782588"
/data/lab/AAAI_repo/results/phase2_full_semantic_20260704_175517/phase2_validation_records.jsonl,4,inefficient_exploration,insufficient_cooperation,0.95,,"The agents failed to coordinate on a shared foraging task, evidenced by zero positive rewards and a near-exclusive reliance on the 'load' action which likely represents a solitary or non-cooperative behavior.","Environment: lbforaging:Foraging-8x8-2p-2f-coop-v3 | Episode length: 51 | Number of agents: 2 | Episode return: 0.0000 | Success threshold reached: not configured | Positive reward steps: 0 | Zero reward steps: 51 | Action histogram: {'load': 57, 'noop': 2, 'south': 6, 'east': 32, 'north': 5} | Load action counts by agent: [25, 32] | Mean absolute state change: 0.028333 | State variation: 2.088708"
/data/lab/AAAI_repo/results/phase2_full_semantic_20260704_175517/phase2_validation_records.jsonl,76,inefficient_exploration,insufficient_cooperation,0.95,,"All 51 steps were zero-reward steps with no positive rewards, indicating agents failed to successfully load or deliver items despite repeated 'load' actions.","Environment: lbforaging:Foraging-10x10-3p-3f-v3 | Episode length: 51 | Number of agents: 3 | Episode return: 0.0000 | Success threshold reached: not configured | Positive reward steps: 0 | Zero reward steps: 51 | Action histogram: {'east': 14, 'load': 75, 'south': 41, 'west': 4, 'noop': 1, 'north': 18} | Load action counts by agent: [31, 23, 21] | Mean absolute state change: 0.062222 | State variation: 2.468448"
/data/lab/AAAI_repo/results/phase2_full_semantic_20260704_175517/phase2_validation_records.jsonl,88,inefficient_exploration,insufficient_cooperation,0.95,,"The agents spent the entire episode (51 steps) performing load actions without any movement toward a shared objective, indicating a complete lack of cooperative behavior.","Environment: lbforaging:Foraging-8x8-2p-2f-coop-v3 | Episode length: 51 | Number of agents: 2 | Episode return: 0.0000 | Success threshold reached: not configured | Positive reward steps: 0 | Zero reward steps: 51 | Action histogram: {'east': 16, 'south': 10, 'load': 70, 'north': 4, 'noop': 2} | Load action counts by agent: [30, 40] | Mean absolute state change: 0.018333 | State variation: 2.068679"
/data/lab/AAAI_repo/results/phase2_full_semantic_20260704_175517/phase2_validation_records.jsonl,274,inefficient_exploration,insufficient_cooperation,0.95,,"All 51 steps yielded zero reward despite agents performing load actions, indicating they failed to coordinate their movements to successfully retrieve and deliver items.","Environment: lbforaging:Foraging-10x10-3p-3f-v3 | Episode length: 51 | Number of agents: 3 | Episode return: 0.0000 | Success threshold reached: not configured | Positive reward steps: 0 | Zero reward steps: 51 | Action histogram: {'south': 10, 'east': 72, 'west': 6, 'north': 31, 'load': 34} | Load action counts by agent: [13, 9, 12] | Mean absolute state change: 0.055556 | State variation: 2.818879"
/data/lab/AAAI_repo/results/phase2_full_semantic_20260704_175517/phase2_validation_records.jsonl,69,inefficient_exploration,insufficient_cooperation,0.95,,"All 51 steps yielded zero reward despite agents performing load actions, indicating a complete failure to coordinate foraging or resource collection.","Environment: lbforaging:Foraging-10x10-3p-3f-v3 | Episode length: 51 | Number of agents: 3 | Episode return: 0.0000 | Success threshold reached: not configured | Positive reward steps: 0 | Zero reward steps: 51 | Action histogram: {'load': 69, 'south': 33, 'west': 11, 'north': 33, 'east': 6, 'noop': 1} | Load action counts by agent: [20, 24, 25] | Mean absolute state change: 0.078889 | State variation: 2.566224"
/data/lab/AAAI_repo/results/phase2_full_semantic_20260704_175517/phase2_validation_records.jsonl,9,inefficient_exploration,insufficient_cooperation,0.95,,"Both agents exclusively performed the 'load' action while failing to move toward any shared objective, resulting in zero positive rewards over the entire episode.","Environment: lbforaging:Foraging-8x8-2p-2f-coop-v3 | Episode length: 51 | Number of agents: 2 | Episode return: 0.0000 | Success threshold reached: not configured | Positive reward steps: 0 | Zero reward steps: 51 | Action histogram: {'load': 89, 'east': 6, 'south': 3, 'west': 4} | Load action counts by agent: [44, 45] | Mean absolute state change: 0.020000 | State variation: 2.007873"
/data/lab/AAAI_repo/results/phase2_full_semantic_20260704_175517/phase2_validation_records.jsonl,109,inefficient_exploration,insufficient_cooperation,0.95,,"All 51 steps consist of 'load' actions with zero positive rewards, indicating agents acted independently to load items rather than coordinating to deliver them.","Environment: lbforaging:Foraging-10x10-3p-3f-v3 | Episode length: 51 | Number of agents: 3 | Episode return: 0.0000 | Success threshold reached: not configured | Positive reward steps: 0 | Zero reward steps: 51 | Action histogram: {'east': 8, 'load': 98, 'south': 18, 'north': 15, 'west': 11, 'noop': 3} | Load action counts by agent: [31, 35, 32] | Mean absolute state change: 0.048889 | State variation: 2.338243"
/data/lab/AAAI_repo/results/phase2_full_semantic_20260704_175517/phase2_validation_records.jsonl,66,inefficient_exploration,insufficient_cooperation,0.95,,"All 51 steps were spent loading items without any movement toward a shared foraging objective, indicating agents acted independently rather than cooperating.","Environment: lbforaging:Foraging-10x10-3p-3f-v3 | Episode length: 51 | Number of agents: 3 | Episode return: 0.0000 | Success threshold reached: not configured | Positive reward steps: 0 | Zero reward steps: 51 | Action histogram: {'south': 13, 'load': 90, 'north': 36, 'east': 9, 'west': 4, 'noop': 1} | Load action counts by agent: [29, 33, 28] | Mean absolute state change: 0.043333 | State variation: 2.709560"
/data/lab/AAAI_repo/results/phase2_full_semantic_20260704_175517/phase2_validation_records.jsonl,97,inefficient_exploration,insufficient_cooperation,0.95,,"All 51 steps yielded zero reward despite agents performing individual actions, indicating a complete failure to coordinate toward a shared foraging objective.","Environment: lbforaging:Foraging-10x10-3p-3f-v3 | Episode length: 51 | Number of agents: 3 | Episode return: 0.0000 | Success threshold reached: not configured | Positive reward steps: 0 | Zero reward steps: 51 | Action histogram: {'load': 74, 'south': 9, 'north': 43, 'east': 21, 'west': 5, 'noop': 1} | Load action counts by agent: [21, 29, 24] | Mean absolute state change: 0.046667 | State variation: 2.510391"
/data/lab/AAAI_repo/results/phase2_full_semantic_20260704_175517/phase2_validation_records.jsonl,77,inefficient_exploration,insufficient_cooperation,0.95,,"Both agents repeatedly executed the 'load' action while remaining stationary, indicating a failure to coordinate movement toward a shared objective.","Environment: lbforaging:Foraging-8x8-2p-2f-coop-v3 | Episode length: 51 | Number of agents: 2 | Episode return: 0.0000 | Success threshold reached: not configured | Positive reward steps: 0 | Zero reward steps: 51 | Action histogram: {'east': 23, 'load': 68, 'south': 3, 'west': 6, 'north': 1, 'noop': 1} | Load action counts by agent: [33, 35] | Mean absolute state change: 0.038333 | State variation: 1.859356"
/data/lab/AAAI_repo/results/phase2_full_semantic_20260704_175517/phase2_validation_records.jsonl,181,inefficient_exploration,insufficient_cooperation,0.95,,"All 51 steps were zero-reward load actions with no movement toward foraging, indicating agents failed to coordinate on the cooperative foraging objective.","Environment: lbforaging:Foraging-10x10-3p-3f-v3 | Episode length: 51 | Number of agents: 3 | Episode return: 0.0000 | Success threshold reached: not configured | Positive reward steps: 0 | Zero reward steps: 51 | Action histogram: {'east': 22, 'load': 77, 'south': 36, 'west': 11, 'north': 7} | Load action counts by agent: [22, 31, 24] | Mean absolute state change: 0.051111 | State variation: 2.376808"
/data/lab/AAAI_repo/results/phase2_full_semantic_20260704_175517/phase2_validation_records.jsonl,259,inefficient_exploration,insufficient_cooperation,0.95,,"All 51 steps yielded zero reward despite agents performing load actions, indicating they failed to coordinate to successfully forage or deliver items.","Environment: lbforaging:Foraging-10x10-3p-3f-v3 | Episode length: 51 | Number of agents: 3 | Episode return: 0.0000 | Success threshold reached: not configured | Positive reward steps: 0 | Zero reward steps: 51 | Action histogram: {'north': 6, 'west': 24, 'east': 21, 'noop': 12, 'load': 50, 'south': 40} | Load action counts by agent: [19, 16, 15] | Mean absolute state change: 0.054444 | State variation: 2.964717"
/data/lab/AAAI_repo/results/phase2_full_semantic_20260704_175517/phase2_validation_records.jsonl,261,inefficient_exploration,insufficient_cooperation,0.95,,"The agents failed to converge on a shared foraging target, evidenced by zero positive rewards and a near-exclusive reliance on the 'south' action despite the presence of 'load' actions.","Environment: lbforaging:Foraging-8x8-2p-2f-coop-v3 | Episode length: 51 | Number of agents: 2 | Episode return: 0.0000 | Success threshold reached: not configured | Positive reward steps: 0 | Zero reward steps: 51 | Action histogram: {'north': 7, 'noop': 15, 'south': 52, 'load': 16, 'east': 9, 'west': 3} | Load action counts by agent: [10, 6] | Mean absolute state change: 0.038333 | State variation: 1.996558"
/data/lab/AAAI_repo/results/phase2_full_semantic_20260704_175517/phase2_validation_records.jsonl,215,inefficient_exploration,insufficient_cooperation,0.95,,"All 51 steps yielded zero reward despite agents performing individual actions, indicating a complete failure to coordinate toward a shared objective.","Environment: lbforaging:Foraging-10x10-3p-3f-v3 | Episode length: 51 | Number of agents: 3 | Episode return: 0.0000 | Success threshold reached: not configured | Positive reward steps: 0 | Zero reward steps: 51 | Action histogram: {'load': 72, 'west': 4, 'north': 43, 'east': 20, 'south': 14} | Load action counts by agent: [27, 23, 22] | Mean absolute state change: 0.057778 | State variation: 1.426934"
/data/lab/AAAI_repo/results/phase2_full_semantic_20260704_175517/phase2_validation_records.jsonl,102,inefficient_exploration,insufficient_cooperation,0.95,,"All 51 steps yielded zero reward despite agents performing load actions, indicating a complete failure to coordinate foraging or resource collection.","Environment: lbforaging:Foraging-10x10-3p-3f-v3 | Episode length: 51 | Number of agents: 3 | Episode return: 0.0000 | Success threshold reached: not configured | Positive reward steps: 0 | Zero reward steps: 51 | Action histogram: {'load': 52, 'east': 86, 'south': 10, 'west': 2, 'north': 2, 'noop': 1} | Load action counts by agent: [20, 18, 14] | Mean absolute state change: 0.027778 | State variation: 2.663871"
/data/lab/AAAI_repo/results/phase2_full_semantic_20260704_175517/phase2_validation_records.jsonl,264,inefficient_exploration,insufficient_cooperation,0.95,,"All 51 steps yielded zero reward despite agents performing load actions, indicating they failed to coordinate to successfully forage or deliver items.","Environment: lbforaging:Foraging-10x10-3p-3f-v3 | Episode length: 51 | Number of agents: 3 | Episode return: 0.0000 | Success threshold reached: not configured | Positive reward steps: 0 | Zero reward steps: 51 | Action histogram: {'south': 13, 'north': 15, 'east': 24, 'load': 82, 'west': 16, 'noop': 3} | Load action counts by agent: [35, 23, 24] | Mean absolute state change: 0.062222 | State variation: 2.265371"
/data/lab/AAAI_repo/results/phase2_full_semantic_20260704_175517/phase2_validation_records.jsonl,43,inefficient_exploration,insufficient_cooperation,0.95,,"The agents failed to converge on a shared cooperative target, evidenced by zero positive rewards and a near-total absence of 'load' actions (only 4 total across 51 steps) despite the task requiring multiple agents to work together.","Environment: lbforaging:Foraging-8x8-2p-2f-coop-v3 | Episode length: 51 | Number of agents: 2 | Episode return: 0.0000 | Success threshold reached: not configured | Positive reward steps: 0 | Zero reward steps: 51 | Action histogram: {'south': 36, 'east': 49, 'west': 1, 'load': 4, 'noop': 9, 'north': 3} | Load action counts by agent: [1, 3] | Mean absolute state change: 0.035000 | State variation: 2.310374"
/data/lab/AAAI_repo/results/phase2_full_semantic_20260704_175517/phase2_validation_records.jsonl,170,inefficient_exploration,insufficient_cooperation,0.95,,"All 51 steps yielded zero reward despite agents performing load actions, indicating they failed to coordinate with the forager to complete the cooperative task.","Environment: lbforaging:Foraging-10x10-3p-3f-v3 | Episode length: 51 | Number of agents: 3 | Episode return: 0.0000 | Success threshold reached: not configured | Positive reward steps: 0 | Zero reward steps: 51 | Action histogram: {'east': 43, 'load': 73, 'north': 25, 'noop': 2, 'south': 9, 'west': 1} | Load action counts by agent: [20, 23, 30] | Mean absolute state change: 0.047778 | State variation: 2.516296"
/data/lab/AAAI_repo/results/phase2_full_semantic_20260704_175517/phase2_validation_records.jsonl,7,inefficient_exploration,insufficient_cooperation,0.95,,"The agents failed to coordinate on a shared foraging task, evidenced by zero positive rewards and a near-exclusive reliance on the 'east' action (66 out of 77 steps) rather than the required 'load' action.","Environment: lbforaging:Foraging-8x8-2p-2f-coop-v3 | Episode length: 51 | Number of agents: 2 | Episode return: 0.0000 | Success threshold reached: not configured | Positive reward steps: 0 | Zero reward steps: 51 | Action histogram: {'east': 66, 'load': 26, 'south': 4, 'noop': 5, 'north': 1} | Load action counts by agent: [11, 15] | Mean absolute state change: 0.026667 | State variation: 2.029062"
/data/lab/AAAI_repo/results/phase2_full_semantic_20260704_175517/phase2_validation_records.jsonl,52,inefficient_exploration,insufficient_cooperation,0.95,,"The agents spent the entire episode (51 steps) performing load actions without any movement or coordination, resulting in zero reward and no progress toward a shared objective.","Environment: lbforaging:Foraging-8x8-2p-2f-coop-v3 | Episode length: 51 | Number of agents: 2 | Episode return: 0.0000 | Success threshold reached: not configured | Positive reward steps: 0 | Zero reward steps: 51 | Action histogram: {'west': 9, 'north': 20, 'load': 61, 'noop': 3, 'east': 7, 'south': 2} | Load action counts by agent: [26, 35] | Mean absolute state change: 0.043333 | State variation: 1.975849"
/data/lab/AAAI_repo/results/phase2_full_semantic_20260704_175517/phase2_validation_records.jsonl,42,inefficient_exploration,insufficient_cooperation,0.95,,"The agents failed to converge on a shared foraging target, evidenced by zero positive rewards and a high frequency of non-cooperative actions like 'south' and 'east' despite having load actions distributed between them.","Environment: lbforaging:Foraging-8x8-2p-2f-coop-v3 | Episode length: 51 | Number of agents: 2 | Episode return: 0.0000 | Success threshold reached: not configured | Positive reward steps: 0 | Zero reward steps: 51 | Action histogram: {'south': 52, 'east': 29, 'load': 16, 'noop': 4, 'west': 1} | Load action counts by agent: [9, 7] | Mean absolute state change: 0.033333 | State variation: 2.215098"
/data/lab/AAAI_repo/results/phase2_full_semantic_20260704_175517/phase2_validation_records.jsonl,197,inefficient_exploration,insufficient_cooperation,0.95,,"Both agents exclusively performed the 'load' action for the entire episode without any movement or coordination, indicating a complete failure to pursue a shared cooperative objective.","Environment: lbforaging:Foraging-8x8-2p-2f-coop-v3 | Episode length: 51 | Number of agents: 2 | Episode return: 0.0000 | Success threshold reached: not configured | Positive reward steps: 0 | Zero reward steps: 51 | Action histogram: {'north': 9, 'load': 87, 'south': 6} | Load action counts by agent: [43, 44] | Mean absolute state change: 0.015000 | State variation: 1.065554"
/data/lab/AAAI_repo/results/phase2_full_semantic_20260704_175517/phase2_validation_records.jsonl,191,inefficient_exploration,insufficient_cooperation,0.95,,"The agents spent the entire episode (51 steps) performing the 'load' action without any movement or coordination, resulting in zero reward and no progress toward a cooperative objective.","Environment: lbforaging:Foraging-8x8-2p-2f-coop-v3 | Episode length: 51 | Number of agents: 2 | Episode return: 0.0000 | Success threshold reached: not configured | Positive reward steps: 0 | Zero reward steps: 51 | Action histogram: {'west': 5, 'north': 5, 'load': 88, 'east': 2, 'noop': 2} | Load action counts by agent: [43, 45] | Mean absolute state change: 0.013333 | State variation: 1.633912"
/data/lab/AAAI_repo/results/phase2_full_semantic_20260704_175517/phase2_validation_records.jsonl,289,inefficient_exploration,insufficient_cooperation,0.95,,"All 51 steps yielded zero reward because agents exclusively performed the 'load' action, failing to coordinate with the foraging agents to collect resources.","Environment: lbforaging:Foraging-10x10-3p-3f-v3 | Episode length: 51 | Number of agents: 3 | Episode return: 0.0000 | Success threshold reached: not configured | Positive reward steps: 0 | Zero reward steps: 51 | Action histogram: {'load': 91, 'north': 13, 'east': 38, 'south': 10, 'west': 1} | Load action counts by agent: [28, 29, 34] | Mean absolute state change: 0.034444 | State variation: 2.721153"
/data/lab/AAAI_repo/results/phase2_full_semantic_20260704_175517/phase2_validation_records.jsonl,98,inefficient_exploration,insufficient_cooperation,0.95,,"All 51 steps were zero-reward load actions with no positive rewards, indicating agents failed to coordinate foraging or return items despite high action counts.","Environment: lbforaging:Foraging-10x10-3p-3f-v3 | Episode length: 51 | Number of agents: 3 | Episode return: 0.0000 | Success threshold reached: not configured | Positive reward steps: 0 | Zero reward steps: 51 | Action histogram: {'north': 14, 'load': 117, 'south': 7, 'west': 7, 'east': 8} | Load action counts by agent: [37, 39, 41] | Mean absolute state change: 0.034444 | State variation: 2.290603"
/data/lab/AAAI_repo/results/phase2_full_semantic_20260704_175517/phase2_validation_records.jsonl,204,inefficient_exploration,insufficient_cooperation,0.95,,"All 51 steps yielded zero reward because agents exclusively performed the 'load' action, failing to coordinate with other agents to reach the foraging objective.","Environment: lbforaging:Foraging-10x10-3p-3f-v3 | Episode length: 51 | Number of agents: 3 | Episode return: 0.0000 | Success threshold reached: not configured | Positive reward steps: 0 | Zero reward steps: 51 | Action histogram: {'load': 100, 'east': 15, 'north': 27, 'south': 8, 'noop': 1, 'west': 2} | Load action counts by agent: [31, 31, 38] | Mean absolute state change: 0.046667 | State variation: 2.843511"
